Workbook
Name pdwnrspbb4tbipnl: vwretd_sp500!$A$1:$B$6542

Sheet all_series
A1: date | B1: sp500_index_pct_return_d | C1: ice_bond_pct_return_d | D1: tr_10y_d | E1: tr_3m_d | F1: ffer_d
A2: 36164 | B2: -0.00083076138 | C2: 0 | D2: 4.69 | E2: 4.38 | F2: =_xlfn.XLOOKUP(A2,'Daily_7-Day_FedFundER'!A:A,'Daily_7-Day_FedFundER'!B:B) -> 5.04
A3: 36165 | B3: 0.011887922 | C3: -0.0038382427 | D3: 4.74 | E3: 4.37 | F3: =_xlfn.XLOOKUP(A3,'Daily_7-Day_FedFundER'!A:A,'Daily_7-Day_FedFundER'!B:B) -> 4.54
A4: 36166 | B4: 0.021142805 | C4: 0.0023908555 | D4: 4.73 | E4: 4.36 | F4: =_xlfn.XLOOKUP(A4,'Daily_7-Day_FedFundER'!A:A,'Daily_7-Day_FedFundER'!B:B) -> 4.23
A5: 36167 | B5: -0.00079928638 | C5: -0.002690689 | D5: 4.77 | E5: 4.33 | F5: =_xlfn.XLOOKUP(A5,'Daily_7-Day_FedFundER'!A:A,'Daily_7-Day_FedFundER'!B:B) -> 4.49
A6: 36168 | B6: 0.0046039148 | C6: -0.0025793572 | D6: 4.86 | E6: 4.37 | F6: =_xlfn.XLOOKUP(A6,'Daily_7-Day_FedFundER'!A:A,'Daily_7-Day_FedFundER'!B:B) -> 4.74
A7: 36171 | B7: -0.0049818803 | C7: -0.001506039 | D7: 4.9 | E7: 4.39 | F7: =_xlfn.XLOOKUP(A7,'Daily_7-Day_FedFundER'!A:A,'Daily_7-Day_FedFundER'!B:B) -> 5.17
A8: 36172 | B8: -0.01819731 | C8: 0.0050310097 | D8: 4.82 | E8: 4.37 | F8: =_xlfn.XLOOKUP(A8,'Daily_7-Day_FedFundER'!A:A,'Daily_7-Day_FedFundER'!B:B) -> 4.78
A9: 36173 | B9: -0.005759516 | C9: 0.0042060781 | D9: 4.74 | E9: 4.34 | F9: =_xlfn.XLOOKUP(A9,'Daily_7-Day_FedFundER'!A:A,'Daily_7-Day_FedFundER'!B:B) -> 4.62
A10: 36174 | B10: -0.015793006 | C10: 0.0066169819 | D10: 4.63 | E10: 4.33 | F10: =_xlfn.XLOOKUP(A10,'Daily_7-Day_FedFundER'!A:A,'Daily_7-Day_FedFundER'!B:B) -> 4.82
A11: 36175 | B11: 0.023000877 | C11: -0.0037702308 | D11: 4.66 | E11: 4.33 | F11: =_xlfn.XLOOKUP(A11,'Daily_7-Day_FedFundER'!A:A,'Daily_7-Day_FedFundER'!B:B) -> 4.68
A12: 36179 | B12: 0.0075996441 | C12: -0.0016853822 | D12: 4.71 | E12: 4.29 | F12: =_xlfn.XLOOKUP(A12,'Daily_7-Day_FedFundER'!A:A,'Daily_7-Day_FedFundER'!B:B) -> 4.55
A13: 36180 | B13: 0.0023643219 | C13: -0.001668597 | D13: 4.76 | E13: 4.26 | F13: =_xlfn.XLOOKUP(A13,'Daily_7-Day_FedFundER'!A:A,'Daily_7-Day_FedFundER'!B:B) -> 4.41
... A6542: 45657 | B6542: -0.00339214 | C6542: -0.001766546 | D6542: 4.58 | E6542: 4.23 | F6542: =_xlfn.XLOOKUP(A6542,'Daily_7-Day_FedFundER'!A:A,'Daily_7-Day_FedFundER'!B:B) -> 4.33

Sheet Daily_DGS10YR
A1: observation_date | B1: DGS10
A2: 36164 | B2: 4.69
A3: 36165 | B3: 4.74
A4: 36166 | B4: 4.73
A5: 36167 | B5: 4.77
A6: 36168 | B6: 4.86
A7: 36171 | B7: 4.9
A8: 36172 | B8: 4.82
A9: 36173 | B9: 4.74
A10: 36174 | B10: 4.63
A11: 36175 | B11: 4.66
A12: 36178
A13: 36179 | B13: 4.71
A14: 36180 | B14: 4.76
A15: 36181 | B15: 4.7
A16: 36182 | B16: 4.64
A17: 36185 | B17: 4.67
A18: 36186 | B18: 4.69
A19: 36187 | B19: 4.68
A20: 36188 | B20: 4.67
A21: 36189 | B21: 4.66
A22: 36192 | B22: 4.75
A23: 36193 | B23: 4.79
A24: 36194 | B24: 4.83
... A31: 36203 | B31: 5.06
A32: 36206
A33: 36207 | B33: 5.03
A34: 36208 | B34: 4.98
A35: 36209 | B35: 5.04
A36: 36210 | B36: 5.07
A37: 36213 | B37: 5.03
A38: 36214 | B38: 5.1
A39: 36215 | B39: 5.18
A40: 36216 | B40: 5.32
A41: 36217 | B41: 5.29
A42: 36220 | B42: 5.4
A43: 36221 | B43: 5.35
A44: 36222 | B44: 5.39
... A106: 36308 | B106: 5.64
A107: 36311
A108: 36312 | B108: 5.78
A109: 36313 | B109: 5.8
A110: 36314 | B110: 5.8
A111: 36315 | B111: 5.82
A112: 36318 | B112: 5.81
A113: 36319 | B113: 5.83
A114: 36320 | B114: 5.87
A115: 36321 | B115: 5.92
A116: 36322 | B116: 6.02
A117: 36325 | B117: 5.98
A118: 36326 | B118: 5.98
A119: 36327 | B119: 5.94
... A131: 36343 | B131: 5.82
A132: 36346
A133: 36347 | B133: 5.88
A134: 36348 | B134: 5.92
A135: 36349 | B135: 5.85
A136: 36350 | B136: 5.84
A137: 36353 | B137: 5.74
A138: 36354 | B138: 5.71
A139: 36355 | B139: 5.74
A140: 36356 | B140: 5.72
A141: 36357 | B141: 5.68
A142: 36360 | B142: 5.66
A143: 36361 | B143: 5.65
A144: 36362 | B144: 5.66
... A176: 36406 | B176: 5.89
A177: 36409
A178: 36410 | B178: 5.95
A179: 36411 | B179: 5.93
A180: 36412 | B180: 5.97
A181: 36413 | B181: 5.89
A182: 36416 | B182: 5.92
A183: 36417 | B183: 5.96
A184: 36418 | B184: 5.94
A185: 36419 | B185: 5.9
A186: 36420 | B186: 5.87
A187: 36423 | B187: 5.91
A188: 36424 | B188: 5.94
A189: 36425 | B189: 5.92
... A201: 36441 | B201: 6.04
A202: 36444
A203: 36445 | B203: 6.07
A204: 36446 | B204: 6.12
A205: 36447 | B205: 6.17
A206: 36448 | B206: 6.09
A207: 36451 | B207: 6.12
A208: 36452 | B208: 6.18
A209: 36453 | B209: 6.19
A210: 36454 | B210: 6.2
A211: 36455 | B211: 6.21
A212: 36458 | B212: 6.22
A213: 36459 | B213: 6.24
A214: 36460 | B214: 6.19
... A224: 36474 | B224: 6
A225: 36475
A226: 36476 | B226: 5.93
A227: 36479 | B227: 5.94
A228: 36480 | B228: 5.97
A229: 36481 | B229: 6.04
...

Sheet Daily_DTB3M
A1: observation_date | B1: DTB3
A2: 36164 | B2: 4.38
A3: 36165 | B3: 4.37
A4: 36166 | B4: 4.36
A5: 36167 | B5: 4.33
A6: 36168 | B6: 4.37
A7: 36171 | B7: 4.39
A8: 36172 | B8: 4.37
A9: 36173 | B9: 4.34
A10: 36174 | B10: 4.33
A11: 36175 | B11: 4.33
A12: 36178
A13: 36179 | B13: 4.29
A14: 36180 | B14: 4.26
A15: 36181 | B15: 4.22
A16: 36182 | B16: 4.26
A17: 36185 | B17: 4.31
A18: 36186 | B18: 4.35
A19: 36187 | B19: 4.36
A20: 36188 | B20: 4.38
A21: 36189 | B21: 4.37
A22: 36192 | B22: 4.42
A23: 36193 | B23: 4.42
A24: 36194 | B24: 4.37
... A31: 36203 | B31: 4.43
A32: 36206
A33: 36207 | B33: 4.41
A34: 36208 | B34: 4.41
A35: 36209 | B35: 4.42
A36: 36210 | B36: 4.45
A37: 36213 | B37: 4.5
A38: 36214 | B38: 4.54
A39: 36215 | B39: 4.55
A40: 36216 | B40: 4.51
A41: 36217 | B41: 4.55
A42: 36220 | B42: 4.58
A43: 36221 | B43: 4.53
A44: 36222 | B44: 4.49
... A106: 36308 | B106: 4.53
A107: 36311
A108: 36312 | B108: 4.56
A109: 36313 | B109: 4.61
A110: 36314 | B110: 4.52
A111: 36315 | B111: 4.44
A112: 36318 | B112: 4.4
A113: 36319 | B113: 4.49
A114: 36320 | B114: 4.47
A115: 36321 | B115: 4.54
A116: 36322 | B116: 4.6
A117: 36325 | B117: 4.57
A118: 36326 | B118: 4.61
A119: 36327 | B119: 4.54
... A131: 36343 | B131: 4.55
A132: 36346
A133: 36347 | B133: 4.53
A134: 36348 | B134: 4.54
A135: 36349 | B135: 4.55
A136: 36350 | B136: 4.56
A137: 36353 | B137: 4.57
A138: 36354 | B138: 4.58
A139: 36355 | B139: 4.59
A140: 36356 | B140: 4.57
A141: 36357 | B141: 4.55
A142: 36360 | B142: 4.52
A143: 36361 | B143: 4.51
A144: 36362 | B144: 4.46
... A176: 36406 | B176: 4.78
A177: 36409
A178: 36410 | B178: 4.69
A179: 36411 | B179: 4.69
A180: 36412 | B180: 4.68
A181: 36413 | B181: 4.62
A182: 36416 | B182: 4.64
A183: 36417 | B183: 4.69
A184: 36418 | B184: 4.62
A185: 36419 | B185: 4.57
A186: 36420 | B186: 4.54
A187: 36423 | B187: 4.56
A188: 36424 | B188: 4.66
A189: 36425 | B189: 4.69
... A201: 36441 | B201: 4.68
A202: 36444
A203: 36445 | B203: 4.73
A204: 36446 | B204: 4.84
A205: 36447 | B205: 4.88
A206: 36448 | B206: 4.9
A207: 36451 | B207: 4.94
A208: 36452 | B208: 5
A209: 36453 | B209: 5
A210: 36454 | B210: 4.99
A211: 36455 | B211: 4.92
A212: 36458 | B212: 4.89
A213: 36459 | B213: 5
A214: 36460 | B214: 4.99
... A224: 36474 | B224: 5.05
A225: 36475
A226: 36476 | B226: 5.08
A227: 36479 | B227: 5.12
A228: 36480 | B228: 5.14
A229: 36481 | B229: 5.09
...

Sheet vwretd_sp500
A1: Daily Calendar Date | B1: Value-weighted return including dividends
A2: 36164 | B2: -0.00083076138
A3: 36165 | B3: 0.011887922
A4: 36166 | B4: 0.021142805
A5: 36167 | B5: -0.00079928638
A6: 36168 | B6: 0.0046039148
A7: 36171 | B7: -0.0049818803
A8: 36172 | B8: -0.01819731
A9: 36173 | B9: -0.005759516
A10: 36174 | B10: -0.015793006
A11: 36175 | B11: 0.023000877
A12: 36179 | B12: 0.0075996441
A13: 36180 | B13: 0.0023643219
... A6542: 45657 | B6542: -0.00339214

Sheet icebond_total_ind_ret
A1: observation_date | B1: BAMLCC0A0CMTRIV | C1: Return
A2: 36160 | B2: 1017.16
A3: 36161 | C3: =IFERROR(B3/B2-1, 0) -> -1
A4: 36164 | B4: 1016.09 | C4: =IFERROR(B4/B3-1, 0) -> 0
A5: 36165 | B5: 1012.19 | C5: =IFERROR(B5/B4-1, 0) -> -0.0038382427
A6: 36166 | B6: 1014.61 | C6: =IFERROR(B6/B5-1, 0) -> 0.0023908555
A7: 36167 | B7: 1011.88 | C7: =IFERROR(B7/B6-1, 0) -> -0.002690689
A8: 36168 | B8: 1009.27 | C8: =IFERROR(B8/B7-1, 0) -> -0.0025793572
A9: 36171 | B9: 1007.75 | C9: =IFERROR(B9/B8-1, 0) -> -0.001506039
A10: 36172 | B10: 1012.82 | C10: =IFERROR(B10/B9-1, 0) -> 0.0050310097
A11: 36173 | B11: 1017.08 | C11: =IFERROR(B11/B10-1, 0) -> 0.0042060781
A12: 36174 | B12: 1023.81 | C12: =IFERROR(B12/B11-1, 0) -> 0.0066169819
A13: 36175 | B13: 1019.95 | C13: =IFERROR(B13/B12-1, 0) -> -0.0037702308
A14: 36178 | B14: 1020.54 | C14: =IFERROR(B14/B13-1, 0) -> 0.00057845973
A15: 36179 | B15: 1018.82 | C15: =IFERROR(B15/B14-1, 0) -> -0.0016853822
... A346: 36636 | B346: 1015.86 | C346: =IFERROR(B346/B345-1, 0) -> 0.00036435612
A347: 36637 | C347: =IFERROR(B347/B346-1, 0) -> -1
A348: 36640 | B348: 1016.81 | C348: =IFERROR(B348/B347-1, 0) -> 0
A349: 36641 | B349: 1010.11 | C349: =IFERROR(B349/B348-1, 0) -> -0.006589235
A350: 36642 | B350: 1009.37 | C350: =IFERROR(B350/B349-1, 0) -> -0.00073259348
A351: 36643 | B351: 1002.95 | C351: =IFERROR(B351/B350-1, 0) -> -0.006360403
A352: 36644 | B352: 1000.49 | C352: =IFERROR(B352/B351-1, 0) -> -0.0024527643
A353: 36646 | B353: 1000.92 | C353: =IFERROR(B353/B352-1, 0) -> 0.0004297894
A354: 36647 | B354: 999.67 | C354: =IFERROR(B354/B353-1, 0) -> -0.0012488511
A355: 36648 | B355: 997.37 | C355: =IFERROR(B355/B354-1, 0) -> -0.0023007593
A356: 36649 | B356: 993.73 | C356: =IFERROR(B356/B355-1, 0) -> -0.0036495984
A357: 36650 | B357: 990.95 | C357: =IFERROR(B357/B356-1, 0) -> -0.0027975406
A358: 36651 | B358: 989.01 | C358: =IFERROR(B358/B357-1, 0) -> -0.0019577173
A359: 36654 | B359: 985.78 | C359: =IFERROR(B359/B358-1, 0) -> -0.0032658922
... A524: 36882 | B524: 1094.13 | C524: =IFERROR(B524/B523-1, 0) -> 0.00059443245
A525: 36885 | C525: =IFERROR(B525/B524-1, 0) -> -1
A526: 36886 | B526: 1093.46 | C526: =IFERROR(B526/B525-1, 0) -> 0
A527: 36887 | B527: 1090.07 | C527: =IFERROR(B527/B526-1, 0) -> -0.0031002506
A528: 36888 | B528: 1088.24 | C528: =IFERROR(B528/B527-1, 0) -> -0.0016787913
A529: 36889 | B529: 1088.72 | C529: =IFERROR(B529/B528-1, 0) -> 0.00044107917
A530: 36891 | B530: 1089.13 | C530: =IFERROR(B530/B529-1, 0) -> 0.00037658902
A531: 36892 | C531: =IFERROR(B531/B530-1, 0) -> -1
A532: 36893 | B532: 1099.54 | C532: =IFERROR(B532/B531-1, 0) -> 0
A533: 36894 | B533: 1091.13 | C533: =IFERROR(B533/B532-1, 0) -> -0.0076486531
A534: 36895 | B534: 1096.91 | C534: =IFERROR(B534/B533-1, 0) -> 0.0052972606
A535: 36896 | B535: 1102.44 | C535: =IFERROR(B535/B534-1, 0) -> 0.0050414346
A536: 36899 | B536: 1105.17 | C536: =IFERROR(B536/B535-1, 0) -> 0.0024763252
A537: 36900 | B537: 1104.29 | C537: =IFERROR(B537/B536-1, 0) -> -0.00079625759
A538: 36901 | B538: 1100.56 | C538: =IFERROR(B538/B537-1, 0) -> -0.0033777359
A539: 36902 | B539: 1099.23 | C539: =IFERROR(B539/B538-1, 0) -> -0.0012084757
A540: 36903 | B540: 1094.03 | C540: =IFERROR(B540/B539-1, 0) -> -0.0047305841
A541: 36906 | B541: 1094.68 | C541: =IFERROR(B541/B540-1, 0) -> 0.00059413362
A542: 36907 | B542: 1096.32 | C542: =IFERROR(B542/B541-1, 0) -> 0.0014981547
A543: 36908 | B543: 1101.36 | C543: =IFERROR(B543/B542-1, 0) -> 0.0045971979
... A605: 36993 | B605: 1126.93 | C605: =IFERROR(B605/B604-1, 0) -> -0.0020279485
A606: 36994 | C606: =IFERROR(B606/B605-1, 0) -> -1
A607: 36997 | B607: 1121.06 | C607: =IFERROR(B607/B606-1, 0) -> 0
A608: 36998 | B608: 1125.83 | C608: =IFERROR(B608/B607-1, 0) -> 0.0042549016
A609: 36999 | B609: 1130.32 | C609: =IFERROR(B609/B608-1, 0) -> 0.0039881687
A610: 37000 | B610: 1124.31 | C610: =IFERROR(B610/B609-1, 0) -> -0.0053170783
A611: 37001 | B611: 1125.58 | C611: =IFERROR(B611/B610-1, 0) -> 0.0011295817
A612: 37004 | B612: 1130.68 | C612: =IFERROR(B612/B611-1, 0) -> 0.0045309974
A613: 37005 | B613: 1130.6 | C613: =IFERROR(B613/B612-1, 0) -> -7.0753883e-05
A614: 37006 | B614: 1129.02 | C614: =IFERROR(B614/B613-1, 0) -> -0.0013974881
A615: 37007 | B615: 1134.64 | C615: =IFERROR(B615/B614-1, 0) -> 0.0049777683
A616: 37008 | B616: 1128.7 | C616: =IFERROR(B616/B615-1, 0) -> -0.0052351407
A617: 37011 | B617: 1131.6 | C617: =IFERROR(B617/B616-1, 0) -> 0.0025693275
A618: 37012 | B618: 1135.28 | C618: =IFERROR(B618/B617-1, 0) -> 0.0032520325
... A713: 37144 | B713: 1192.31 | C713: =IFERROR(B713/B712-1, 0) -> -0.0022092975
A714: 37145 | C714: =IFERROR(B714/B713-1, 0) -> -1
A715: 37146 | C715: =IFERROR(B715/B714-1, 0) -> 0
A716: 37147 | C716: =IFERROR(B716/B715-1, 0) -> 0
A717: 37148 | B717: 1197.72 | C717: =IFERROR(B717/B716-1, 0) -> 0
A718: 37151 | B718: 1192.76 | C718: =IFERROR(B718/B717-1, 0) -> -0.0041412016
A719: 37152 | B719: 1184.03 | C719: =IFERROR(B719/B718-1, 0) -> -0.0073191589
A720: 37153 | B720: 1189.04 | C720: =IFERROR(B720/B719-1, 0) -> 0.0042313117
A721: 37154 | B721: 1184.69 | C721: =IFERROR(B721/B720-1, 0) -> -0.0036584135
A722: 37155 | B722: 1185.11 | C722: =IFERROR(B722/B721-1, 0) -> 0.00035452312
A723: 37158 | B723: 1184.22 | C723: =IFERROR(B723/B722-1, 0) -> -0.00075098514
A724: 37159 | B724: 1185.67 | C724: =IFERROR(B724/B723-1, 0) -> 0.0012244346
A725: 37160 | B725: 1190.22 | C725: =IFERROR(B725/B724-1, 0) -> 0.0038374927
A726: 37161 | B726: 1193.93 | C726: =IFERROR(B726/B725-1, 0) -> 0.0031170708
A727: 37162 | B727: 1196.14 | C727: =IFERROR(B727/B726-1, 0) -> 0.0018510298
A728: 37164 | B728: 1196.59 | C728: =IFERROR(B728/B727-1, 0) -> 0.00037621014
... A789: 37249 | B789: 1196.33 | C789: =IFERROR(B789/B788-1, 0) -> -0.0016106688
A790: 37250 | C790: =IFERROR(B790/B789-1, 0) -> -1
A791: 37251 | B791: 1194.03 | C791: =IFERROR(B791/B790-1, 0) -> 0
A792: 37252 | B792: 1199.78 | C792: =IFERROR(B792/B791-1, 0) -> 0.0048156244
A793: 37253 | B793: 1198.68 | C793: =IFERROR(B793/B792-1, 0) -> -0.00091683475
A794: 37256 | B794: 1205.7 | C794: =IFERROR(B794/B793-1, 0) -> 0.0058564421
A795: 37257 | C795: =IFERROR(B795/B794-1, 0) -> -1
A796: 37258 | B796: 1198.88 | C796: =IFERROR(B796/B795-1, 0) -> 0
A797: 37259 | B797: 1201.95 | C797: =IFERROR(B797/B796-1, 0) -> 0.0025607233
A798: 37260 | B798: 1201.83 | C798: =IFERROR(B798/B797-1, 0) -> -9.9837764e-05
A799: 37263 | B799: 1208.36 | C799: =IFERROR(B799/B798-1, 0) -> 0.0054333808
A800: 37264 | B800: 1207.11 | C800: =IFERROR(B800/B799-1, 0) -> -0.0010344599
A801: 37265 | B801: 1208.2 | C801: =IFERROR(B801/B800-1, 0) -> 0.00090298316
A802: 37266 | B802: 1214.64 | C802: =IFERROR(B802/B801-1, 0) -> 0.0053302433
A803: 37267 | B803: 1219.85 | C803: =IFERROR(B803/B802-1, 0) -> 0.0042893368
A804: 37270 | B804: 1220.05 | C804: =IFERROR(B804/B803-1, 0) -> 0.00016395458
A805: 37271 | B805: 1222.19 | C805: =IFERROR(B805/B804-1, 0) -> 0.0017540265
A806: 37272 | B806: 1220.77 | C806: =IFERROR(B806/B805-1, 0) -> -0.0011618488
A807: 37273 | B807: 1215 | C807: =IFERROR(B807/B806-1, 0) -> -0.0047265251
... A857: 37343 | B857: 1197.67 | C857: =IFERROR(B857/B856-1, 0) -> -0.0032540488
A858: 37344 | C858: =IFERROR(B858/B857-1, 0) -> -1
...

Sheet icebond_total_return_pct
A1: date | B1: icebond_ret
A2: 36161 | B2: -1
A3: 36164 | B3: 0
A4: 36165 | B4: -0.0038382427
A5: 36166 | B5: 0.0023908555
A6: 36167 | B6: -0.002690689
A7: 36168 | B7: -0.0025793572
A8: 36171 | B8: -0.001506039
A9: 36172 | B9: 0.0050310097
A10: 36173 | B10: 0.0042060781
A11: 36174 | B11: 0.0066169819
A12: 36175 | B12: -0.0037702308
A13: 36178 | B13: 0.00057845973
... A6872: 45657 | B6872: -0.001766546

Sheet Daily_7-Day_FedFundER
A1: observation_date | B1: DFF
A2: 36161 | B2: 4.07
A3: 36162 | B3: 4.07
A4: 36163 | B4: 4.07
A5: 36164 | B5: 5.04
A6: 36165 | B6: 4.54
A7: 36166 | B7: 4.23
A8: 36167 | B8: 4.49
A9: 36168 | B9: 4.74
A10: 36169 | B10: 4.74
A11: 36170 | B11: 4.74
A12: 36171 | B12: 5.17
A13: 36172 | B13: 4.78
... A9498: 45657 | B9498: 4.33
