Workbook
Name psdhdnf0swaceg8s: sp500_crsp_monthly!$A$1:$K$313

Sheet mthly_data
A1: date | B1: sp500_index_pct_return_m | C1: ice_bond_pct_return_m | D1: tr_10y | E1: tr_3m | F1: ffer_m
A2: 36189 | B2: =((_xlfn.XLOOKUP(A2,merged!A:A,merged!C:C))*100)/100 -> 0.03844676 | C2: =((merged!D3/merged!D2-1)*100)/100 -> 0.010214715 | D2: 4.72 | E2: 4.34 | F2: 4.79
A3: 36217 | B3: =((_xlfn.XLOOKUP(A3,merged!A:A,merged!C:C))*100)/100 -> -0.03808261 | C3: =((merged!D4/merged!D3-1)*100)/100 -> -0.025604593 | D3: 5 | E3: 4.44 | F3: 4.84
A4: 36250 | B4: =((_xlfn.XLOOKUP(A4,merged!A:A,merged!C:C))*100)/100 -> 0.03792547 | C4: =((merged!D5/merged!D4-1)*100)/100 -> 0.00908873 | D4: 5.23 | E4: 4.44 | F4: 4.98
A5: 36280 | B5: =((_xlfn.XLOOKUP(A5,merged!A:A,merged!C:C))*100)/100 -> 0.04909202 | C5: =((merged!D6/merged!D5-1)*100)/100 -> 0.003474078 | D5: 5.18 | E5: 4.29 | F5: 5.03
A6: 36308 | B6: =((_xlfn.XLOOKUP(A6,merged!A:A,merged!C:C))*100)/100 -> -0.02070776 | C6: =((merged!D7/merged!D6-1)*100)/100 -> -0.014469596 | D6: 5.54 | E6: 4.5 | F6: 4.61
A7: 36341 | B7: =((_xlfn.XLOOKUP(A7,merged!A:A,merged!C:C))*100)/100 -> 0.05082348 | C7: =((merged!D8/merged!D7-1)*100)/100 -> -0.0049340459 | D7: 5.9 | E7: 4.57 | F7: 5.12
A8: 36371 | B8: =((_xlfn.XLOOKUP(A8,merged!A:A,merged!C:C))*100)/100 -> -0.03083348 | C8: =((merged!D9/merged!D8-1)*100)/100 -> -0.0058436007 | D8: 5.79 | E8: 4.55 | F8: 5.07
A9: 36403 | B9: =((_xlfn.XLOOKUP(A9,merged!A:A,merged!C:C))*100)/100 -> -0.009918442 | C9: =((merged!D10/merged!D9-1)*100)/100 -> -0.0025697058 | D9: 5.94 | E9: 4.72 | F9: 5.57
A10: 36433 | B10: =((_xlfn.XLOOKUP(A10,merged!A:A,merged!C:C))*100)/100 -> -0.02266901 | C10: =((merged!D11/merged!D10-1)*100)/100 -> 0.011339892 | D10: 5.92 | E10: 4.68 | F10: 5.51
A11: 36462 | B11: =((_xlfn.XLOOKUP(A11,merged!A:A,merged!C:C))*100)/100 -> 0.06210727 | C11: =((merged!D12/merged!D11-1)*100)/100 -> 0.0031090785 | D11: 6.11 | E11: 4.86 | F11: 5.27
A12: 36494 | B12: =((_xlfn.XLOOKUP(A12,merged!A:A,merged!C:C))*100)/100 -> 0.03682224 | C12: =((merged!D13/merged!D12-1)*100)/100 -> 0.0013797516 | D12: 6.03 | E12: 5.07 | F12: 5.63
A13: 36525 | B13: =((_xlfn.XLOOKUP(A13,merged!A:A,merged!C:C))*100)/100 -> 0.08374451 | C13: =((merged!D14/merged!D13-1)*100)/100 -> -0.0035844083 | D13: 6.28 | E13: 5.2 | F13: 3.99
... A313: 45657 | B313: =((_xlfn.XLOOKUP(A313,merged!A:A,merged!C:C))*100)/100 -> -0.03158241 | C313: =((merged!D314/merged!D313-1)*100)/100 -> -0.017760176 | D313: 4.39 | E313: 4.27 | F313: 4.33

Sheet merged
A1: EOP | B1: BOM | C1: EOP_VWR_INCL_DIV | D1: EOP_ICE_BOND_INDEX_LEVEL | E1: EOP_10YRTR | F1: EOP_3MTB | G1: MTHLY_CPI_ALL_URBAN | H1: EOP_DFF | K1: newname (monthly) | L1: oldname | M1: source
A2: =A3-29 -> 36160 | B2: =A2-30 -> 36130 | C2: - | D2: 1017.16 | E2: - | F2: - | G2: 164.4 | H2: - | K2: sp500_index_pct_return_m | L2: EOP_VWR_INCL_DIV | M2: CRSP - WRDS
A3: 36189 | B3: 36161 | C3: 0.03844676 | D3: 1027.55 | E3: 4.72 | F3: 4.34 | G3: 164.7 | H3: 4.79 | K3: ice_bond_pct_return_m | L3: EOP_ICE_BOND_INDEX_LEVEL | M3: FRED
A4: 36217 | B4: 36192 | C4: -0.03808261 | D4: 1001.24 | E4: 5 | F4: 4.44 | G4: 164.7 | H4: 4.84 | K4: tr_10y_m | L4: EOP_10YRTR | M4: FRED
A5: 36250 | B5: 36220 | C5: 0.03792547 | D5: 1010.34 | E5: 5.23 | F5: 4.44 | G5: 164.8 | H5: 4.98 | K5: tr_3m_m | L5: EOP_3MTB | M5: FRED
A6: 36280 | B6: 36251 | C6: 0.04909202 | D6: 1013.85 | E6: 5.18 | F6: 4.29 | G6: 165.9 | H6: 5.03 | K6: cpi_rate_m | L6: MTHLY_CPI_ALL_URBAN | M6: FRED
A7: 36308 | B7: 36281 | C7: -0.02070776 | D7: 999.18 | E7: 5.54 | F7: 4.5 | G7: 166 | H7: 4.61 | K7: ffer_m | L7: EOP_DFF | M7: FRED
A8: 36341 | B8: 36312 | C8: 0.05082348 | D8: 994.25 | E8: 5.9 | F8: 4.57 | G8: 166 | H8: 5.12
A9: 36371 | B9: 36342 | C9: -0.03083348 | D9: 988.44 | E9: 5.79 | F9: 4.55 | G9: 166.7 | H9: 5.07
A10: 36403 | B10: 36373 | C10: -0.009918442 | D10: 985.9 | E10: 5.94 | F10: 4.72 | G10: 167.1 | H10: 5.57
A11: 36433 | B11: 36404 | C11: -0.02266901 | D11: 997.08 | E11: 5.92 | F11: 4.68 | G11: 167.8 | H11: 5.51
A12: 36462 | B12: 36434 | C12: 0.06210727 | D12: 1000.18 | E12: 6.11 | F12: 4.86 | G12: 168.1 | H12: 5.27
A13: 36494 | B13: 36465 | C13: 0.03682224 | D13: 1001.56 | E13: 6.03 | F13: 5.07 | G13: 168.4 | H13: 5.63
A14: 36525 | B14: 36495 | C14: 0.08374451 | D14: 997.97 | E14: 6.28 | F14: 5.2 | G14: 168.8 | H14: 3.99
A15: 36556 | B15: 36526 | C15: -0.03962196 | D15: 994.63 | E15: 6.66 | F15: 5.32 | G15: 169.3 | H15: 5.87
A16: 36585 | B16: 36557 | C16: 0.03176028 | D16: 1002.33 | E16: 6.52 | F16: 5.55 | G16: 170 | H16: 5.85
A17: 36616 | B17: 36586 | C17: 0.05349902 | D17: 1013.44 | E17: 6.26 | F17: 5.69 | G17: 171 | H17: 6.17
A18: 36644 | B18: 36617 | C18: -0.05951859 | D18: 1000.92 | E18: 5.99 | F18: 5.66 | G18: 170.9 | H18: 6.06
A19: 36677 | B19: 36647 | C19: -0.03886261 | D19: 995.34 | E19: 6.44 | F19: 5.79 | G19: 171.2 | H19: 6.83
... A314: 45657 | B314: 45627 | C314: -0.03158241 | D314: 3328.3 | E314: 4.39 | F314: 4.27 | G314: 317.603 | H314: 4.33

Sheet sp500_crsp_monthly
A1: Date of Observation | B1: Value-Weighted Return-incl. dividends | C1: Value-Weighted Return-excl. dividends | D1: Equal-Weighted Return-incl. dividends | E1: Equal-Weighted Return-excl. dividends | F1: Return on the S&P 500 Index | G1: Level of the S&P 500 Index | H1: Total Market Value | I1: Total Market Count | J1: Market Value of Securities Used | K1: Count of Securities Used
A2: 36189 | B2: 0.03844676 | C2: 0.0376464 | D2: 0.06486147 | E2: 0.06405248 | F2: 0.04100941 | G2: 1279.64 | H2: 13752730000 | I2: 8656 | J2: 13187052500 | K2: 8616
A3: 36217 | B3: -0.03808261 | C3: -0.03926791 | D3: -0.04217183 | E3: -0.04326619 | F3: -0.03228252 | G3: 1238.33 | H3: 13246065100 | I3: 8619 | J3: 13741520100 | K3: 8573
A4: 36250 | B4: 0.03792547 | C4: 0.03665239 | D4: -0.001369891 | E4: -0.00295661 | F4: 0.03879418 | G4: 1286.37 | H4: 13756388100 | I4: 8541 | J4: 13147538200 | K4: 8495
A5: 36280 | B5: 0.04909202 | C5: 0.0482708 | D5: 0.0839017 | E5: 0.0828503 | F5: 0.03794398 | G5: 1335.18 | H5: 14477596400 | I5: 8503 | J5: 13725557600 | K5: 8442
A6: 36308 | B6: -0.02070776 | C6: -0.02238392 | D6: 0.02513729 | E6: 0.0236681 | F6: -0.02497042 | G6: 1301.84 | H6: 14223575600 | I6: 8487 | J6: 14446425200 | K6: 8420
A7: 36341 | B7: 0.05082348 | C7: 0.0497253 | D7: 0.0384015 | E7: 0.03684125 | F7: 0.05443833 | G7: 1372.71 | H7: 14905813000 | I7: 8474 | J7: 14079803300 | K7: 8392
A8: 36371 | B8: -0.03083348 | C8: -0.03171025 | D8: 0.007274777 | E8: 0.006299221 | F8: -0.0320461 | G8: 1328.72 | H8: 14475119200 | I8: 8462 | J8: 14857358300 | K8: 8378
A9: 36403 | B9: -0.009918442 | C9: -0.01106482 | D9: -0.03061246 | E9: -0.03179699 | F9: -0.006254139 | G9: 1320.41 | H9: 14344211900 | I9: 8434 | J9: 14432467100 | K9: 8369
A10: 36433 | B10: -0.02266901 | C10: -0.02387206 | D10: -0.01422979 | E10: -0.01563647 | F10: -0.02855174 | G10: 1282.71 | H10: 14060520700 | I10: 8408 | J10: 14312369300 | K10: 8343
A11: 36462 | B11: 0.06210727 | C11: 0.06131812 | D11: -0.001401152 | E11: -0.002457219 | F11: 0.06253947 | G11: 1362.93 | H11: 15001763900 | I11: 8414 | J11: 13927310500 | K11: 8323
A12: 36494 | B12: 0.03682224 | C12: 0.03561623 | D12: 0.09144107 | E12: 0.09000497 | F12: 0.01906187 | G12: 1388.91 | H12: 15657011900 | I12: 8392 | J12: 14947999500 | K12: 8308
A13: 36525 | B13: 0.08374451 | C13: 0.08263069 | D13: 0.08483912 | E13: 0.08282426 | F13: 0.05784392 | G13: 1469.25 | H13: 17021360300 | I13: 8361 | J13: 15531290700 | K13: 8300
... A313: 45657 | B313: -0.03158241 | C313: -0.03346946 | D313: -0.02197796 | E313: -0.02664917 | F313: -0.02499014 | G313: 5881.63 | H313: 74032373700 | I313: 8866 | J313: 76406622900 | K313: 8751

Sheet cpi_fred_monthly
A1: observation_date | B1: CPIAUCSL
A2: 36130 | B2: 164.4
A3: 36161 | B3: 164.7
A4: 36192 | B4: 164.7
A5: 36220 | B5: 164.8
A6: 36251 | B6: 165.9
A7: 36281 | B7: 166
A8: 36312 | B8: 166
A9: 36342 | B9: 166.7
A10: 36373 | B10: 167.1
A11: 36404 | B11: 167.8
A12: 36434 | B12: 168.1
A13: 36465 | B13: 168.4
... A314: 45627 | B314: 317.603

Sheet icebondindex_fred_monthly
A1: observation_date | B1: BAMLCC0A0CMTRIV
A2: 36130 | B2: 1017.16
A3: 36161 | B3: 1027.55
A4: 36192 | B4: 1001.24
A5: 36220 | B5: 1010.34
A6: 36251 | B6: 1013.85
A7: 36281 | B7: 999.18
A8: 36312 | B8: 994.25
A9: 36342 | B9: 988.44
A10: 36373 | B10: 985.9
A11: 36404 | B11: 997.08
A12: 36434 | B12: 1000.18
A13: 36465 | B13: 1001.56
... A314: 45627 | B314: 3328.3

Sheet mrktyield10yrtreas_fred_monthly
A1: observation_date | B1: GS10
A2: 36161 | B2: 4.72
A3: 36192 | B3: 5
A4: 36220 | B4: 5.23
A5: 36251 | B5: 5.18
A6: 36281 | B6: 5.54
A7: 36312 | B7: 5.9
A8: 36342 | B8: 5.79
A9: 36373 | B9: 5.94
A10: 36404 | B10: 5.92
A11: 36434 | B11: 6.11
A12: 36465 | B12: 6.03
A13: 36495 | B13: 6.28
... A316: 45717 | B316: 4.28

Sheet 3mtbdb_fred_monthly
A1: observation_date | B1: TB3MS
A2: 36161 | B2: 4.34
A3: 36192 | B3: 4.44
A4: 36220 | B4: 4.44
A5: 36251 | B5: 4.29
A6: 36281 | B6: 4.5
A7: 36312 | B7: 4.57
A8: 36342 | B8: 4.55
A9: 36373 | B9: 4.72
A10: 36404 | B10: 4.68
A11: 36434 | B11: 4.86
A12: 36465 | B12: 5.07
A13: 36495 | B13: 5.2
... A316: 45717 | B316: 4.2

Sheet fedfundsrate_fred_monthly
A1: observation_date | B1: DFF
A2: 36161 | B2: 4.79
A3: 36192 | B3: 4.84
A4: 36220 | B4: 4.98
A5: 36251 | B5: 5.03
A6: 36281 | B6: 4.61
A7: 36312 | B7: 5.12
A8: 36342 | B8: 5.07
A9: 36373 | B9: 5.57
A10: 36404 | B10: 5.51
A11: 36434 | B11: 5.27
A12: 36465 | B12: 5.63
A13: 36495 | B13: 3.99
... A316: 45717 | B316: 4.33

Sheet monetarypol_impl_dates
A1: date | B1: action
